brand_rxcui,brand_name,ingredient_rxcui,ingredient_name,sbd_rxcui,scd_rxcui
1435625,Epaned,3827,enalapril,1435630,1435624
224921,Vasotec,3827,enalapril,858806,858804
224921,Vasotec,3827,enalapril,858812,858810
224921,Vasotec,3827,enalapril,858815,858813
224921,Vasotec,3827,enalapril,858819,858817
175128,Vaseretic,3827,enalapril,858830,858828
175128,Vaseretic,5487,hydrochlorothiazide,858830,858828
196472,Zestril,29046,lisinopril,104375,311353
196472,Zestril,29046,lisinopril,104376,311354
196472,Zestril,29046,lisinopril,104377,314076
196472,Zestril,29046,lisinopril,104378,314077
1806885,Qbrelis,29046,lisinopril,1806890,1806884
203644,Prinivil,29046,lisinopril,206765,314076
203644,Prinivil,29046,lisinopril,206766,314077
196472,Zestril,29046,lisinopril,206771,197884
196472,Zestril,29046,lisinopril,213482,205326
85783,Zestoretic,29046,lisinopril,823971,197887
85783,Zestoretic,5487,hydrochlorothiazide,823971,197887
85783,Zestoretic,29046,lisinopril,823982,197886
85783,Zestoretic,5487,hydrochlorothiazide,823982,197886
85783,Zestoretic,29046,lisinopril,823986,197885
85783,Zestoretic,5487,hydrochlorothiazide,823986,197885
1600717,Prestalia,17767,amlodipine,1600722,1600716
1600717,Prestalia,54552,perindopril,1600722,1600716
1600717,Prestalia,17767,amlodipine,1600726,1600724
1600717,Prestalia,54552,perindopril,1600726,1600724
1600717,Prestalia,17767,amlodipine,1600730,1600728
1600717,Prestalia,54552,perindopril,1600730,1600728
261438,Aceon,54552,perindopril,854927,854925
261438,Aceon,54552,perindopril,854986,854984
261438,Aceon,54552,perindopril,854990,854988
262418,Altace,35296,ramipril,104384,198188
262418,Altace,35296,ramipril,104385,198189
262418,Altace,35296,ramipril,260333,261962
262418,Altace,35296,ramipril,845489,845488
2566854,Cardalis,18867,benazepril,2566860,2566853
2566854,Cardalis,9997,spironolactone,2566860,2566853
2566854,Cardalis,18867,benazepril,2566864,2566862
2566854,Cardalis,9997,spironolactone,2566864,2566862
2566854,Cardalis,18867,benazepril,2566868,2566866
2566854,Cardalis,9997,spironolactone,2566868,2566866
218090,Lotrel,17767,amlodipine,898344,898342
218090,Lotrel,18867,benazepril,898344,898342
218090,Lotrel,17767,amlodipine,898348,898346
218090,Lotrel,18867,benazepril,898348,898346
218090,Lotrel,17767,amlodipine,898355,898353
218090,Lotrel,18867,benazepril,898355,898353
218090,Lotrel,17767,amlodipine,898358,898356
218090,Lotrel,18867,benazepril,898358,898356
218089,Lotensin HCT,18867,benazepril,898366,898362
218089,Lotensin HCT,5487,hydrochlorothiazide,898366,898362
218089,Lotensin HCT,18867,benazepril,898371,898367
218089,Lotensin HCT,5487,hydrochlorothiazide,898371,898367
218089,Lotensin HCT,18867,benazepril,898376,898372
218089,Lotensin HCT,5487,hydrochlorothiazide,898376,898372
218088,Lotensin,18867,benazepril,898689,898687
218088,Lotensin,18867,benazepril,898692,898690
218088,Lotensin,18867,benazepril,898721,898719
218088,Lotensin,18867,benazepril,898725,898723
1372732,Tribenzor,17767,amlodipine,1000000,999996
1372732,Tribenzor,321064,olmesartan,1000000,999996
1372732,Tribenzor,5487,hydrochlorothiazide,1000000,999996
1372732,Tribenzor,17767,amlodipine,1000005,1000001
1372732,Tribenzor,321064,olmesartan,1000005,1000001
1372732,Tribenzor,5487,hydrochlorothiazide,1000005,1000001
1430137,Tekturna HCT,325646,aliskiren,1011712,1011710
1430137,Tekturna HCT,5487,hydrochlorothiazide,1011712,1011710
1430137,Tekturna HCT,325646,aliskiren,1011715,1011713
1430137,Tekturna HCT,5487,hydrochlorothiazide,1011715,1011713
1430137,Tekturna HCT,325646,aliskiren,1011752,1011750
1430137,Tekturna HCT,5487,hydrochlorothiazide,1011752,1011750
1430137,Tekturna HCT,325646,aliskiren,1011755,1011753
1430137,Tekturna HCT,5487,hydrochlorothiazide,1011755,1011753
17276,Aldactazide,5487,hydrochlorothiazide,208112,198224
17276,Aldactazide,9997,spironolactone,208112,198224
17276,Aldactazide,5487,hydrochlorothiazide,208116,198225
17276,Aldactazide,9997,spironolactone,208116,198225
23742,Dyazide,10763,triamterene,208124,198316
23742,Dyazide,5487,hydrochlorothiazide,208124,198316
2704013,Inzirqo,5487,hydrochlorothiazide,2704018,2704012
284780,Micardis-HCT,5487,hydrochlorothiazide,749833,283316
284780,Micardis-HCT,73494,telmisartan,749833,283316
284780,Micardis-HCT,5487,hydrochlorothiazide,749837,283317
284780,Micardis-HCT,73494,telmisartan,749837,283317
284780,Micardis-HCT,5487,hydrochlorothiazide,749841,477130
284780,Micardis-HCT,73494,telmisartan,749841,477130
284662,Atacand HCT,214354,candesartan,805855,802749
284662,Atacand HCT,5487,hydrochlorothiazide,805855,802749
284662,Atacand HCT,214354,candesartan,805859,578330
284662,Atacand HCT,5487,hydrochlorothiazide,805859,578330
284662,Atacand HCT,214354,candesartan,805863,578325
284662,Atacand HCT,5487,hydrochlorothiazide,805863,578325
216653,Diovan HCT,5487,hydrochlorothiazide,809014,200284
216653,Diovan HCT,69749,valsartan,809014,200284
216653,Diovan HCT,5487,hydrochlorothiazide,809018,200285
216653,Diovan HCT,69749,valsartan,809018,200285
216653,Diovan HCT,5487,hydrochlorothiazide,809022,349353
216653,Diovan HCT,69749,valsartan,809022,349353
216653,Diovan HCT,5487,hydrochlorothiazide,809026,636042
216653,Diovan HCT,69749,valsartan,809026,636042
216653,Diovan HCT,5487,hydrochlorothiazide,809030,636045
216653,Diovan HCT,69749,valsartan,809030,636045
151293,Accuretic,35208,quinapril,809854,310796
151293,Accuretic,5487,hydrochlorothiazide,809854,310796
151293,Accuretic,35208,quinapril,809858,310797
151293,Accuretic,5487,hydrochlorothiazide,809858,310797
261454,Avalide,5487,hydrochlorothiazide,823934,310792
261454,Avalide,83818,irbesartan,823934,310792
261454,Avalide,5487,hydrochlorothiazide,823938,310793
261454,Avalide,83818,irbesartan,823938,310793
404880,Benicar HCT,321064,olmesartan,847042,403855
404880,Benicar HCT,5487,hydrochlorothiazide,847042,403855
404880,Benicar HCT,321064,olmesartan,847055,403854
404880,Benicar HCT,5487,hydrochlorothiazide,847055,403854
404880,Benicar HCT,321064,olmesartan,847060,403853
404880,Benicar HCT,5487,hydrochlorothiazide,847060,403853
1372733,Exforge HCT,17767,amlodipine,848134,848131
1372733,Exforge HCT,5487,hydrochlorothiazide,848134,848131
1372733,Exforge HCT,69749,valsartan,848134,848131
1372733,Exforge HCT,17767,amlodipine,848139,848135
1372733,Exforge HCT,5487,hydrochlorothiazide,848139,848135
1372733,Exforge HCT,69749,valsartan,848139,848135
1372733,Exforge HCT,17767,amlodipine,848144,848140
1372733,Exforge HCT,5487,hydrochlorothiazide,848144,848140
1372733,Exforge HCT,69749,valsartan,848144,848140
1372733,Exforge HCT,17767,amlodipine,848149,848145
1372733,Exforge HCT,5487,hydrochlorothiazide,848149,848145
1372733,Exforge HCT,69749,valsartan,848149,848145
1372733,Exforge HCT,17767,amlodipine,848155,848151
1372733,Exforge HCT,5487,hydrochlorothiazide,848155,848151
1372733,Exforge HCT,69749,valsartan,848155,848151
75038,Ziac,19484,bisoprolol,854910,854908
75038,Ziac,5487,hydrochlorothiazide,854910,854908
75038,Ziac,19484,bisoprolol,854918,854916
75038,Ziac,5487,hydrochlorothiazide,854918,854916
75038,Ziac,19484,bisoprolol,854921,854919
75038,Ziac,5487,hydrochlorothiazide,854921,854919
218072,Lopressor HCT,5487,hydrochlorothiazide,866498,866479
218072,Lopressor HCT,6918,metoprolol,866498,866479
218072,Lopressor HCT,5487,hydrochlorothiazide,866502,866482
218072,Lopressor HCT,6918,metoprolol,866502,866482
218072,Lopressor HCT,5487,hydrochlorothiazide,866506,866491
218072,Lopressor HCT,6918,metoprolol,866506,866491
151293,Accuretic,35208,quinapril,882559,310809
151293,Accuretic,5487,hydrochlorothiazide,882559,310809
52440,Maxzide,10763,triamterene,93252,310818
52440,Maxzide,5487,hydrochlorothiazide,93252,310818
52440,Maxzide,10763,triamterene,93253,310812
52440,Maxzide,5487,hydrochlorothiazide,93253,310812
217681,Hyzaar,52175,losartan,979466,979464
217681,Hyzaar,5487,hydrochlorothiazide,979466,979464
217681,Hyzaar,52175,losartan,979470,979468
217681,Hyzaar,5487,hydrochlorothiazide,979470,979468
217681,Hyzaar,52175,losartan,979473,979471
217681,Hyzaar,5487,hydrochlorothiazide,979473,979471
1372732,Tribenzor,17767,amlodipine,999971,999967
1372732,Tribenzor,321064,olmesartan,999971,999967
1372732,Tribenzor,5487,hydrochlorothiazide,999971,999967
1372732,Tribenzor,17767,amlodipine,999990,999986
1372732,Tribenzor,321064,olmesartan,999990,999986
1372732,Tribenzor,5487,hydrochlorothiazide,999990,999986
1372732,Tribenzor,17767,amlodipine,999995,999991
1372732,Tribenzor,321064,olmesartan,999995,999991
1372732,Tribenzor,5487,hydrochlorothiazide,999995,999991
