entity_type,key_rxcui,key_text,source,pointer
brand,1435625,Epaned,openFDA,d22f35fc-e834-47cd-a987-c1e92729e1d6
brand,224921,Vasotec,openFDA,18a458cc-976a-4019-bd85-18f55a224f45
brand,224921,Vasotec,openFDA,18a458cc-976a-4019-bd85-18f55a224f45
brand,224921,Vasotec,openFDA,18a458cc-976a-4019-bd85-18f55a224f45
brand,224921,Vasotec,openFDA,18a458cc-976a-4019-bd85-18f55a224f45
brand,175128,Vaseretic,openFDA,b97cbaf1-3abe-4f23-b2a0-4ff43f8bf5cb
brand,175128,Vaseretic,openFDA,b97cbaf1-3abe-4f23-b2a0-4ff43f8bf5cb
brand,196472,Zestril,openFDA,7875efff-59e3-4f68-84c5-e3c9c16d6a3c
brand,196472,Zestril,openFDA,7875efff-59e3-4f68-84c5-e3c9c16d6a3c
brand,196472,Zestril,openFDA,7875efff-59e3-4f68-84c5-e3c9c16d6a3c
brand,196472,Zestril,openFDA,7875efff-59e3-4f68-84c5-e3c9c16d6a3c
brand,1806885,Qbrelis,openFDA,1cd8936f-cfa4-5b51-e063-6294a90aa8dd
brand,203644,Prinivil,openFDA,n/a
brand,203644,Prinivil,openFDA,n/a
brand,196472,Zestril,openFDA,7875efff-59e3-4f68-84c5-e3c9c16d6a3c
brand,196472,Zestril,openFDA,7875efff-59e3-4f68-84c5-e3c9c16d6a3c
brand,85783,Zestoretic,openFDA,b8a81227-c1af-6093-4d92-647ad3fee155
brand,85783,Zestoretic,openFDA,b8a81227-c1af-6093-4d92-647ad3fee155
brand,85783,Zestoretic,openFDA,b8a81227-c1af-6093-4d92-647ad3fee155
brand,85783,Zestoretic,openFDA,b8a81227-c1af-6093-4d92-647ad3fee155
brand,85783,Zestoretic,openFDA,b8a81227-c1af-6093-4d92-647ad3fee155
brand,85783,Zestoretic,openFDA,b8a81227-c1af-6093-4d92-647ad3fee155
brand,1600717,Prestalia,openFDA,n/a
brand,1600717,Prestalia,openFDA,n/a
brand,1600717,Prestalia,openFDA,n/a
brand,1600717,Prestalia,openFDA,n/a
brand,1600717,Prestalia,openFDA,n/a
brand,1600717,Prestalia,openFDA,n/a
brand,261438,Aceon,openFDA,n/a
brand,261438,Aceon,openFDA,n/a
brand,261438,Aceon,openFDA,n/a
brand,262418,Altace,openFDA,n/a
brand,262418,Altace,openFDA,n/a
brand,262418,Altace,openFDA,n/a
brand,262418,Altace,openFDA,n/a
brand,2566854,Cardalis,openFDA,n/a
brand,2566854,Cardalis,openFDA,n/a
brand,2566854,Cardalis,openFDA,n/a
brand,2566854,Cardalis,openFDA,n/a
brand,2566854,Cardalis,openFDA,n/a
brand,2566854,Cardalis,openFDA,n/a
brand,218090,Lotrel,openFDA,b9db75d9-9d1e-4b2d-9876-5f5520feaecc
brand,218090,Lotrel,openFDA,b9db75d9-9d1e-4b2d-9876-5f5520feaecc
brand,218090,Lotrel,openFDA,b9db75d9-9d1e-4b2d-9876-5f5520feaecc
brand,218090,Lotrel,openFDA,b9db75d9-9d1e-4b2d-9876-5f5520feaecc
brand,218090,Lotrel,openFDA,b9db75d9-9d1e-4b2d-9876-5f5520feaecc
brand,218090,Lotrel,openFDA,b9db75d9-9d1e-4b2d-9876-5f5520feaecc
brand,218090,Lotrel,openFDA,b9db75d9-9d1e-4b2d-9876-5f5520feaecc
brand,218090,Lotrel,openFDA,b9db75d9-9d1e-4b2d-9876-5f5520feaecc
brand,218089,Lotensin HCT,openFDA,4002b92c-b16d-5235-e063-6394a90aabcf
brand,218089,Lotensin HCT,openFDA,4002b92c-b16d-5235-e063-6394a90aabcf
brand,218089,Lotensin HCT,openFDA,4002b92c-b16d-5235-e063-6394a90aabcf
brand,218089,Lotensin HCT,openFDA,4002b92c-b16d-5235-e063-6394a90aabcf
brand,218089,Lotensin HCT,openFDA,4002b92c-b16d-5235-e063-6394a90aabcf
brand,218089,Lotensin HCT,openFDA,4002b92c-b16d-5235-e063-6394a90aabcf
brand,218088,Lotensin,openFDA,40029d07-adfa-0cc3-e063-6294a90a4cd5
brand,218088,Lotensin,openFDA,40029d07-adfa-0cc3-e063-6294a90a4cd5
brand,218088,Lotensin,openFDA,40029d07-adfa-0cc3-e063-6294a90a4cd5
brand,218088,Lotensin,openFDA,40029d07-adfa-0cc3-e063-6294a90a4cd5
brand,1372732,Tribenzor,openFDA,004953ba-fe11-03eb-e063-6394a90a638c
brand,1372732,Tribenzor,openFDA,004953ba-fe11-03eb-e063-6394a90a638c
brand,1372732,Tribenzor,openFDA,004953ba-fe11-03eb-e063-6394a90a638c
brand,1372732,Tribenzor,openFDA,004953ba-fe11-03eb-e063-6394a90a638c
brand,1372732,Tribenzor,openFDA,004953ba-fe11-03eb-e063-6394a90a638c
brand,1372732,Tribenzor,openFDA,004953ba-fe11-03eb-e063-6394a90a638c
brand,1430137,Tekturna HCT,openFDA,n/a
brand,1430137,Tekturna HCT,openFDA,n/a
brand,1430137,Tekturna HCT,openFDA,n/a
brand,1430137,Tekturna HCT,openFDA,n/a
brand,1430137,Tekturna HCT,openFDA,n/a
brand,1430137,Tekturna HCT,openFDA,n/a
brand,1430137,Tekturna HCT,openFDA,n/a
brand,1430137,Tekturna HCT,openFDA,n/a
brand,17276,Aldactazide,openFDA,n/a
brand,17276,Aldactazide,openFDA,n/a
brand,17276,Aldactazide,openFDA,n/a
brand,17276,Aldactazide,openFDA,n/a
brand,23742,Dyazide,openFDA,n/a
brand,23742,Dyazide,openFDA,n/a
brand,2704013,Inzirqo,openFDA,41aaea48-6c1b-42c8-a96f-5923d49dc934
brand,284780,Micardis-HCT,openFDA,ea1ff12a-df9e-477b-9e91-f89381987c6d
brand,284780,Micardis-HCT,openFDA,ea1ff12a-df9e-477b-9e91-f89381987c6d
brand,284780,Micardis-HCT,openFDA,ea1ff12a-df9e-477b-9e91-f89381987c6d
brand,284780,Micardis-HCT,openFDA,ea1ff12a-df9e-477b-9e91-f89381987c6d
brand,284780,Micardis-HCT,openFDA,ea1ff12a-df9e-477b-9e91-f89381987c6d
brand,284780,Micardis-HCT,openFDA,ea1ff12a-df9e-477b-9e91-f89381987c6d
brand,284662,Atacand HCT,openFDA,c6b145e4-1c41-4424-b527-7c4049d6f2bd
brand,284662,Atacand HCT,openFDA,c6b145e4-1c41-4424-b527-7c4049d6f2bd
brand,284662,Atacand HCT,openFDA,c6b145e4-1c41-4424-b527-7c4049d6f2bd
brand,284662,Atacand HCT,openFDA,c6b145e4-1c41-4424-b527-7c4049d6f2bd
brand,284662,Atacand HCT,openFDA,c6b145e4-1c41-4424-b527-7c4049d6f2bd
brand,284662,Atacand HCT,openFDA,c6b145e4-1c41-4424-b527-7c4049d6f2bd
brand,216653,Diovan HCT,openFDA,2c5e4fad-ab01-4146-89c2-29363b3bd2e7
brand,216653,Diovan HCT,openFDA,2c5e4fad-ab01-4146-89c2-29363b3bd2e7
brand,216653,Diovan HCT,openFDA,2c5e4fad-ab01-4146-89c2-29363b3bd2e7
brand,216653,Diovan HCT,openFDA,2c5e4fad-ab01-4146-89c2-29363b3bd2e7
brand,216653,Diovan HCT,openFDA,2c5e4fad-ab01-4146-89c2-29363b3bd2e7
brand,216653,Diovan HCT,openFDA,2c5e4fad-ab01-4146-89c2-29363b3bd2e7
brand,216653,Diovan HCT,openFDA,2c5e4fad-ab01-4146-89c2-29363b3bd2e7
brand,216653,Diovan HCT,openFDA,2c5e4fad-ab01-4146-89c2-29363b3bd2e7
