product_rxcui,ingredient_rxcui
104370,1998
104370,5487
197436,1998
197436,5487
197437,1998
197437,5487
197438,1998
197438,5487
197439,1998
197439,5487
308962,1998
308963,1998
308964,1998
317173,1998
1435624,3827
833237,3443
833237,3827
858804,3827
858810,3827
858813,3827
858817,3827
858821,3827
858824,3827
858824,5487
858828,3827
858828,5487
858921,3827
858921,5487
1806884,29046
197884,29046
197885,29046
197885,5487
197886,29046
197886,5487
197887,29046
197887,5487
205326,29046
311353,29046
311354,29046
314076,29046
314077,29046
1600716,17767
1600716,54552
1600724,17767
1600724,54552
1600728,17767
1600728,54552
854925,54552
854984,54552
854988,54552
854993,54552
854993,5764
198188,35296
198189,35296
251856,35296
251857,35296
261962,35296
389180,35296
389180,4316
389181,35296
389181,4316
401965,35296
401968,35296
845488,35296
2566853,18867
2566853,9997
2566862,18867
2566862,9997
2566866,18867
2566866,9997
898342,17767
898342,18867
898346,17767
898346,18867
898350,17767
898350,18867
898353,17767
898353,18867
898356,17767
898356,18867
898359,17767
898359,18867
898362,18867
898362,5487
898367,18867
898367,5487
898372,18867
898372,5487
898378,18867
898378,5487
898687,18867
898690,18867
898719,18867
898723,18867
857166,50166
857166,5487
857169,50166
857174,50166
857174,5487
857183,50166
857187,50166
199351,38454
199352,38454
199353,38454
199622,38454
199816,38454
199817,38454
411434,38454
411759,11170
411759,38454
897781,11170
897781,38454
897783,11170
897783,38454
897844,11170
897844,38454
897853,11170
897853,38454
1299859,30131
1299859,5487
1299871,30131
1299871,5487
1299890,30131
1299890,5487
1299896,30131
1299897,30131
1000001,17767
1000001,321064
1000001,5487
1011710,325646
1011710,5487
1011713,325646
1011713,5487
1011750,325646
1011750,5487
1011753,325646
1011753,5487
1050798,17767
1050798,325646
1050798,5487
1050803,17767
1050803,325646
1050803,5487
1050806,17767
1050806,325646
1050806,5487
1050809,17767
1050809,325646
1050809,5487
1050812,17767
1050812,325646
1050812,5487
1111439,5487
1111439,6918
197770,5487
197771,5487
197771,9260
197960,5487
197960,6876
197961,5487
197961,6876
197962,5487
197962,6876
197963,5487
197963,6876
198224,5487
198224,9997
198225,5487
198225,9997
198314,10763
198314,5487
198316,10763
198316,5487
199903,5487
200284,5487
200284,69749
200285,5487
200285,69749
204501,5487
204501,9260
2704012,5487
283316,5487
283316,73494
283317,5487
283317,73494
310664,5036
310664,5487
310792,5487
310792,83818
310793,5487
310793,83818
310796,35208
310796,5487
310797,35208
310797,5487
310798,5487
310809,35208
310809,5487
310811,10600
310811,5487
310812,10763
310812,5487
310818,10763
310818,5487
314029,10763
314029,5487
349353,5487
349353,69749
351292,5487
351292,83515
351293,5487
351293,83515
403853,321064
403853,5487
403854,321064
403854,5487
403855,321064
403855,5487
429503,5487
477130,5487
477130,73494
485471,5487
485471,83818
578325,214354
578325,5487
578330,214354
578330,5487
636042,5487
636042,69749
636045,5487
636045,69749
802749,214354
802749,5487
848131,17767
848131,5487
848131,69749
848135,17767
848135,5487
848135,69749
848140,17767
848140,5487
848140,69749
848145,17767
848145,5487
848145,69749
848151,17767
848151,5487
848151,69749
854908,19484
854908,5487
854916,19484
854916,5487
854919,19484
854919,5487
856422,5487
856422,8787
856429,5487
856429,8787
866452,5487
866452,6918
866461,5487
866461,6918
866472,5487
866472,6918
866479,5487
866479,6918
866482,5487
866482,6918
866491,5487
866491,6918
896976,5487
896976,6185
905203,5470
905203,5487
905211,5470
905211,5487
905217,5470
905217,5487
905353,5470
905353,5487
905353,9260
977883,5487
977883,644
977920,1202
977920,5487
977920,644
977949,10600
977949,5487
977949,644
977950,5487
977950,644
979464,52175
979464,5487
979468,52175
979468,5487
979471,52175
979471,5487
998694,149
998694,5487
999967,17767
999967,321064
999967,5487
999986,17767
999986,321064
999986,5487
999991,17767
999991,321064
999991,5487
999996,17767
999996,321064
999996,5487
