product_rxcui,product_name,tty
104370,captopril 25 MG / hydrochlorothiazide 12.5 MG Oral Tablet,SCD
197436,captopril 25 MG / hydrochlorothiazide 15 MG Oral Tablet,SCD
197437,captopril 25 MG / hydrochlorothiazide 25 MG Oral Tablet,SCD
197438,captopril 50 MG / hydrochlorothiazide 15 MG Oral Tablet,SCD
197439,captopril 50 MG / hydrochlorothiazide 25 MG Oral Tablet,SCD
308962,captopril 100 MG Oral Tablet,SCD
308963,captopril 12.5 MG Oral Tablet,SCD
308964,captopril 50 MG Oral Tablet,SCD
317173,captopril 25 MG Oral Tablet,SCD
1435630,enalapril maleate 1 MG/ML Oral Solution [Epaned],SBD
858806,enalapril maleate 2.5 MG Oral Tablet [Vasotec],SBD
858812,enalapril maleate 20 MG Oral Tablet [Vasotec],SBD
858815,enalapril maleate 5 MG Oral Tablet [Vasotec],SBD
858819,enalapril maleate 10 MG Oral Tablet [Vasotec],SBD
858830,enalapril maleate 10 MG / hydrochlorothiazide 25 MG Oral Tablet [Vaseretic],SBD
1435624,enalapril maleate 1 MG/ML Oral Solution,SCD
833237,diltiazem hydrochloride 180 MG / enalapril maleate 5 MG Extended Release Oral Tablet,SCD
858804,enalapril maleate 2.5 MG Oral Tablet,SCD
858810,enalapril maleate 20 MG Oral Tablet,SCD
858813,enalapril maleate 5 MG Oral Tablet,SCD
858817,enalapril maleate 10 MG Oral Tablet,SCD
858821,enalapril maleate 1.25 MG/ML Injectable Solution,SCD
858824,enalapril maleate 5 MG / hydrochlorothiazide 12.5 MG Oral Tablet,SCD
858828,enalapril maleate 10 MG / hydrochlorothiazide 25 MG Oral Tablet,SCD
858921,enalapril maleate 20 MG / hydrochlorothiazide 12.5 MG Oral Tablet,SCD
104375,lisinopril 2.5 MG Oral Tablet [Zestril],SBD
104376,lisinopril 5 MG Oral Tablet [Zestril],SBD
104377,lisinopril 10 MG Oral Tablet [Zestril],SBD
104378,lisinopril 20 MG Oral Tablet [Zestril],SBD
1806890,lisinopril 1 MG/ML Oral Solution [Qbrelis],SBD
206765,lisinopril 10 MG Oral Tablet [Prinivil],SBD
206766,lisinopril 20 MG Oral Tablet [Prinivil],SBD
206771,lisinopril 40 MG Oral Tablet [Zestril],SBD
213482,lisinopril 30 MG Oral Tablet [Zestril],SBD
823971,hydrochlorothiazide 25 MG / lisinopril 20 MG Oral Tablet [Zestoretic],SBD
823982,hydrochlorothiazide 12.5 MG / lisinopril 20 MG Oral Tablet [Zestoretic],SBD
823986,hydrochlorothiazide 12.5 MG / lisinopril 10 MG Oral Tablet [Zestoretic],SBD
1806884,lisinopril 1 MG/ML Oral Solution,SCD
197884,lisinopril 40 MG Oral Tablet,SCD
197885,hydrochlorothiazide 12.5 MG / lisinopril 10 MG Oral Tablet,SCD
197886,hydrochlorothiazide 12.5 MG / lisinopril 20 MG Oral Tablet,SCD
197887,hydrochlorothiazide 25 MG / lisinopril 20 MG Oral Tablet,SCD
205326,lisinopril 30 MG Oral Tablet,SCD
311353,lisinopril 2.5 MG Oral Tablet,SCD
311354,lisinopril 5 MG Oral Tablet,SCD
314076,lisinopril 10 MG Oral Tablet,SCD
314077,lisinopril 20 MG Oral Tablet,SCD
1600722,amlodipine 10 MG / perindopril arginine 14 MG Oral Tablet [Prestalia],SBD
1600726,amlodipine 2.5 MG / perindopril arginine 3.5 MG Oral Tablet [Prestalia],SBD
1600730,amlodipine 5 MG / perindopril arginine 7 MG Oral Tablet [Prestalia],SBD
854927,perindopril erbumine 8 MG Oral Tablet [Aceon],SBD
854986,perindopril erbumine 2 MG Oral Tablet [Aceon],SBD
854990,perindopril erbumine 4 MG Oral Tablet [Aceon],SBD
1600716,amlodipine 10 MG / perindopril arginine 14 MG Oral Tablet,SCD
1600724,amlodipine 2.5 MG / perindopril arginine 3.5 MG Oral Tablet,SCD
1600728,amlodipine 5 MG / perindopril arginine 7 MG Oral Tablet,SCD
854925,perindopril erbumine 8 MG Oral Tablet,SCD
854984,perindopril erbumine 2 MG Oral Tablet,SCD
854988,perindopril erbumine 4 MG Oral Tablet,SCD
854993,indapamide 1.25 MG / perindopril erbumine 4 MG Oral Tablet,SCD
104384,ramipril 2.5 MG Oral Capsule [Altace],SBD
104385,ramipril 5 MG Oral Capsule [Altace],SBD
260333,ramipril 10 MG Oral Capsule [Altace],SBD
845489,ramipril 1.25 MG Oral Capsule [Altace],SBD
198188,ramipril 2.5 MG Oral Capsule,SCD
198189,ramipril 5 MG Oral Capsule,SCD
251856,ramipril 2.5 MG Oral Tablet,SCD
251857,ramipril 5 MG Oral Tablet,SCD
261962,ramipril 10 MG Oral Capsule,SCD
389180,felodipine 2.5 MG / ramipril 2.5 MG Oral Tablet,SCD
389181,felodipine 5 MG / ramipril 5 MG Oral Tablet,SCD
401965,ramipril 1.25 MG Oral Tablet,SCD
401968,ramipril 10 MG Oral Tablet,SCD
845488,ramipril 1.25 MG Oral Capsule,SCD
2566860,benazepril hydrochloride 2.5 MG / spironolactone 20 MG Chewable Tablet [Cardalis],SBD
2566864,benazepril hydrochloride 5 MG / spironolactone 40 MG Chewable Tablet [Cardalis],SBD
2566868,benazepril hydrochloride 10 MG / spironolactone 80 MG Chewable Tablet [Cardalis],SBD
898344,amlodipine 10 MG / benazepril hydrochloride 20 MG Oral Capsule [Lotrel],SBD
898348,amlodipine 10 MG / benazepril hydrochloride 40 MG Oral Capsule [Lotrel],SBD
898355,amlodipine 5 MG / benazepril hydrochloride 10 MG Oral Capsule [Lotrel],SBD
898358,amlodipine 5 MG / benazepril hydrochloride 20 MG Oral Capsule [Lotrel],SBD
898366,benazepril hydrochloride 10 MG / hydrochlorothiazide 12.5 MG Oral Tablet [Lotensin HCT],SBD
898371,benazepril hydrochloride 20 MG / hydrochlorothiazide 12.5 MG Oral Tablet [Lotensin HCT],SBD
898376,benazepril hydrochloride 20 MG / hydrochlorothiazide 25 MG Oral Tablet [Lotensin HCT],SBD
898689,benazepril hydrochloride 10 MG Oral Tablet [Lotensin],SBD
898692,benazepril hydrochloride 20 MG Oral Tablet [Lotensin],SBD
898721,benazepril hydrochloride 40 MG Oral Tablet [Lotensin],SBD
898725,benazepril hydrochloride 5 MG Oral Tablet [Lotensin],SBD
2566853,benazepril hydrochloride 2.5 MG / spironolactone 20 MG Chewable Tablet,SCD
2566862,benazepril hydrochloride 5 MG / spironolactone 40 MG Chewable Tablet,SCD
2566866,benazepril hydrochloride 10 MG / spironolactone 80 MG Chewable Tablet,SCD
898342,amlodipine 10 MG / benazepril hydrochloride 20 MG Oral Capsule,SCD
898346,amlodipine 10 MG / benazepril hydrochloride 40 MG Oral Capsule,SCD
898350,amlodipine 2.5 MG / benazepril hydrochloride 10 MG Oral Capsule,SCD
898353,amlodipine 5 MG / benazepril hydrochloride 10 MG Oral Capsule,SCD
898356,amlodipine 5 MG / benazepril hydrochloride 20 MG Oral Capsule,SCD
898359,amlodipine 5 MG / benazepril hydrochloride 40 MG Oral Capsule,SCD
898362,benazepril hydrochloride 10 MG / hydrochlorothiazide 12.5 MG Oral Tablet,SCD
898367,benazepril hydrochloride 20 MG / hydrochlorothiazide 12.5 MG Oral Tablet,SCD
898372,benazepril hydrochloride 20 MG / hydrochlorothiazide 25 MG Oral Tablet,SCD
898378,benazepril hydrochloride 5 MG / hydrochlorothiazide 6.25 MG Oral Tablet,SCD
898687,benazepril hydrochloride 10 MG Oral Tablet,SCD
898690,benazepril hydrochloride 20 MG Oral Tablet,SCD
898719,benazepril hydrochloride 40 MG Oral Tablet,SCD
898723,benazepril hydrochloride 5 MG Oral Tablet,SCD
857166,fosinopril sodium 10 MG / hydrochlorothiazide 12.5 MG Oral Tablet,SCD
857169,fosinopril sodium 10 MG Oral Tablet,SCD
857174,fosinopril sodium 20 MG / hydrochlorothiazide 12.5 MG Oral Tablet,SCD
857183,fosinopril sodium 20 MG Oral Tablet,SCD
857187,fosinopril sodium 40 MG Oral Tablet,SCD
199351,trandolapril 2 MG Oral Tablet,SCD
199352,trandolapril 4 MG Oral Tablet,SCD
199353,trandolapril 1 MG Oral Tablet,SCD
199622,trandolapril 0.5 MG Oral Capsule,SCD
199816,trandolapril 1 MG Oral Capsule,SCD
199817,trandolapril 2 MG Oral Capsule,SCD
411434,trandolapril 4 MG Oral Capsule,SCD
411759,24 HR trandolapril 2 MG / verapamil hydrochloride 180 MG Extended Release Oral Capsule,SCD
897781,24 HR trandolapril 1 MG / verapamil hydrochloride 240 MG Extended Release Oral Tablet,SCD
897783,24 HR trandolapril 2 MG / verapamil hydrochloride 180 MG Extended Release Oral Tablet,SCD
897844,24 HR trandolapril 2 MG / verapamil hydrochloride 240 MG Extended Release Oral Tablet,SCD
897853,24 HR trandolapril 4 MG / verapamil hydrochloride 240 MG Extended Release Oral Tablet,SCD
1299859,hydrochlorothiazide 12.5 MG / moexipril hydrochloride 15 MG Oral Tablet,SCD
1299871,hydrochlorothiazide 12.5 MG / moexipril hydrochloride 7.5 MG Oral Tablet,SCD
1299890,hydrochlorothiazide 25 MG / moexipril hydrochloride 15 MG Oral Tablet,SCD
1299896,moexipril hydrochloride 15 MG Oral Tablet,SCD
1299897,moexipril hydrochloride 7.5 MG Oral Tablet,SCD
1000000,amlodipine 5 MG / hydrochlorothiazide 12.5 MG / olmesartan medoxomil 40 MG Oral Tablet [Tribenzor],SBD
1000005,amlodipine 5 MG / hydrochlorothiazide 25 MG / olmesartan medoxomil 40 MG Oral Tablet [Tribenzor],SBD
1011712,aliskiren 150 MG / hydrochlorothiazide 12.5 MG Oral Tablet [Tekturna HCT],SBD
1011715,aliskiren 150 MG / hydrochlorothiazide 25 MG Oral Tablet [Tekturna HCT],SBD
1011752,aliskiren 300 MG / hydrochlorothiazide 12.5 MG Oral Tablet [Tekturna HCT],SBD
1011755,aliskiren 300 MG / hydrochlorothiazide 25 MG Oral Tablet [Tekturna HCT],SBD
208112,hydrochlorothiazide 25 MG / spironolactone 25 MG Oral Tablet [Aldactazide],SBD
208116,hydrochlorothiazide 50 MG / spironolactone 50 MG Oral Tablet [Aldactazide],SBD
208124,hydrochlorothiazide 25 MG / triamterene 37.5 MG Oral Capsule [Dyazide],SBD
2704018,hydrochlorothiazide 800 MG Powder for Oral Suspension [Inzirqo],SBD
749833,hydrochlorothiazide 12.5 MG / telmisartan 40 MG Oral Tablet [Micardis-HCT],SBD
749837,hydrochlorothiazide 12.5 MG / telmisartan 80 MG Oral Tablet [Micardis-HCT],SBD
749841,hydrochlorothiazide 25 MG / telmisartan 80 MG Oral Tablet [Micardis-HCT],SBD
805855,candesartan cilexetil 32 MG / hydrochlorothiazide 25 MG Oral Tablet [Atacand HCT],SBD
805859,candesartan cilexetil 32 MG / hydrochlorothiazide 12.5 MG Oral Tablet [Atacand HCT],SBD
805863,candesartan cilexetil 16 MG / hydrochlorothiazide 12.5 MG Oral Tablet [Atacand HCT],SBD
809014,hydrochlorothiazide 12.5 MG / valsartan 80 MG Oral Tablet [Diovan HCT],SBD
809018,hydrochlorothiazide 12.5 MG / valsartan 160 MG Oral Tablet [Diovan HCT],SBD
809022,hydrochlorothiazide 25 MG / valsartan 160 MG Oral Tablet [Diovan HCT],SBD
809026,hydrochlorothiazide 12.5 MG / valsartan 320 MG Oral Tablet [Diovan HCT],SBD
809030,hydrochlorothiazide 25 MG / valsartan 320 MG Oral Tablet [Diovan HCT],SBD
809854,hydrochlorothiazide 12.5 MG / quinapril 10 MG Oral Tablet [Accuretic],SBD
809858,hydrochlorothiazide 12.5 MG / quinapril 20 MG Oral Tablet [Accuretic],SBD
823934,hydrochlorothiazide 12.5 MG / irbesartan 150 MG Oral Tablet [Avalide],SBD
823938,hydrochlorothiazide 12.5 MG / irbesartan 300 MG Oral Tablet [Avalide],SBD
847042,hydrochlorothiazide 25 MG / olmesartan medoxomil 40 MG Oral Tablet [Benicar HCT],SBD
847055,hydrochlorothiazide 12.5 MG / olmesartan medoxomil 40 MG Oral Tablet [Benicar HCT],SBD
847060,hydrochlorothiazide 12.5 MG / olmesartan medoxomil 20 MG Oral Tablet [Benicar HCT],SBD
848134,amlodipine 10 MG / hydrochlorothiazide 12.5 MG / valsartan 160 MG Oral Tablet [Exforge HCT],SBD
848139,amlodipine 10 MG / hydrochlorothiazide 25 MG / valsartan 320 MG Oral Tablet [Exforge HCT],SBD
848144,amlodipine 5 MG / hydrochlorothiazide 12.5 MG / valsartan 160 MG Oral Tablet [Exforge HCT],SBD
848149,amlodipine 5 MG / hydrochlorothiazide 25 MG / valsartan 160 MG Oral Tablet [Exforge HCT],SBD
848155,amlodipine 10 MG / hydrochlorothiazide 25 MG / valsartan 160 MG Oral Tablet [Exforge HCT],SBD
854910,bisoprolol fumarate 10 MG / hydrochlorothiazide 6.25 MG Oral Tablet [Ziac],SBD
854918,bisoprolol fumarate 2.5 MG / hydrochlorothiazide 6.25 MG Oral Tablet [Ziac],SBD
854921,bisoprolol fumarate 5 MG / hydrochlorothiazide 6.25 MG Oral Tablet [Ziac],SBD
866498,hydrochlorothiazide 25 MG / metoprolol tartrate 100 MG Oral Tablet [Lopressor HCT],SBD
866502,hydrochlorothiazide 25 MG / metoprolol tartrate 50 MG Oral Tablet [Lopressor HCT],SBD
866506,hydrochlorothiazide 50 MG / metoprolol tartrate 100 MG Oral Tablet [Lopressor HCT],SBD
882559,hydrochlorothiazide 25 MG / quinapril 20 MG Oral Tablet [Accuretic],SBD
93252,hydrochlorothiazide 50 MG / triamterene 75 MG Oral Tablet [Maxzide],SBD
93253,hydrochlorothiazide 25 MG / triamterene 37.5 MG Oral Tablet [Maxzide],SBD
979466,hydrochlorothiazide 12.5 MG / losartan potassium 100 MG Oral Tablet [Hyzaar],SBD
979470,hydrochlorothiazide 12.5 MG / losartan potassium 50 MG Oral Tablet [Hyzaar],SBD
979473,hydrochlorothiazide 25 MG / losartan potassium 100 MG Oral Tablet [Hyzaar],SBD
999971,amlodipine 5 MG / hydrochlorothiazide 12.5 MG / olmesartan medoxomil 20 MG Oral Tablet [Tribenzor],SBD
999990,amlodipine 10 MG / hydrochlorothiazide 12.5 MG / olmesartan medoxomil 40 MG Oral Tablet [Tribenzor],SBD
999995,amlodipine 10 MG / hydrochlorothiazide 25 MG / olmesartan medoxomil 40 MG Oral Tablet [Tribenzor],SBD
1000001,amlodipine 5 MG / hydrochlorothiazide 25 MG / olmesartan medoxomil 40 MG Oral Tablet,SCD
1011710,aliskiren 150 MG / hydrochlorothiazide 12.5 MG Oral Tablet,SCD
1011713,aliskiren 150 MG / hydrochlorothiazide 25 MG Oral Tablet,SCD
1011750,aliskiren 300 MG / hydrochlorothiazide 12.5 MG Oral Tablet,SCD
1011753,aliskiren 300 MG / hydrochlorothiazide 25 MG Oral Tablet,SCD
1050798,aliskiren 150 MG / amlodipine 5 MG / hydrochlorothiazide 12.5 MG Oral Tablet,SCD
1050803,aliskiren 300 MG / amlodipine 10 MG / hydrochlorothiazide 12.5 MG Oral Tablet,SCD
1050806,aliskiren 300 MG / amlodipine 10 MG / hydrochlorothiazide 25 MG Oral Tablet,SCD
1050809,aliskiren 300 MG / amlodipine 5 MG / hydrochlorothiazide 12.5 MG Oral Tablet,SCD
1050812,aliskiren 300 MG / amlodipine 5 MG / hydrochlorothiazide 25 MG Oral Tablet,SCD
1111439,24 HR hydrochlorothiazide 25 MG / metoprolol tartrate 200 MG Extended Release Oral Tablet,SCD
197770,hydrochlorothiazide 50 MG Oral Tablet,SCD
197771,hydrochlorothiazide 50 MG / reserpine 0.125 MG Oral Tablet,SCD
197960,hydrochlorothiazide 25 MG / methyldopa 250 MG Oral Tablet,SCD
197961,hydrochlorothiazide 50 MG / methyldopa 500 MG Oral Tablet,SCD
197962,hydrochlorothiazide 30 MG / methyldopa 500 MG Oral Tablet,SCD
197963,hydrochlorothiazide 15 MG / methyldopa 250 MG Oral Tablet,SCD
198224,hydrochlorothiazide 25 MG / spironolactone 25 MG Oral Tablet,SCD
198225,hydrochlorothiazide 50 MG / spironolactone 50 MG Oral Tablet,SCD
198314,hydrochlorothiazide 25 MG / triamterene 50 MG Oral Capsule,SCD
198316,hydrochlorothiazide 25 MG / triamterene 37.5 MG Oral Capsule,SCD
199903,hydrochlorothiazide 12.5 MG Oral Capsule,SCD
200284,hydrochlorothiazide 12.5 MG / valsartan 80 MG Oral Tablet,SCD
200285,hydrochlorothiazide 12.5 MG / valsartan 160 MG Oral Tablet,SCD
204501,hydrochlorothiazide 25 MG / reserpine 0.125 MG Oral Tablet,SCD
2704012,hydrochlorothiazide 800 MG Powder for Oral Suspension,SCD
283316,hydrochlorothiazide 12.5 MG / telmisartan 40 MG Oral Tablet,SCD
283317,hydrochlorothiazide 12.5 MG / telmisartan 80 MG Oral Tablet,SCD
310664,guanethidine 10 MG / hydrochlorothiazide 25 MG Oral Tablet,SCD
310792,hydrochlorothiazide 12.5 MG / irbesartan 150 MG Oral Tablet,SCD
310793,hydrochlorothiazide 12.5 MG / irbesartan 300 MG Oral Tablet,SCD
310796,hydrochlorothiazide 12.5 MG / quinapril 10 MG Oral Tablet,SCD
310797,hydrochlorothiazide 12.5 MG / quinapril 20 MG Oral Tablet,SCD
310798,hydrochlorothiazide 25 MG Oral Tablet,SCD
310809,hydrochlorothiazide 25 MG / quinapril 20 MG Oral Tablet,SCD
310811,hydrochlorothiazide 25 MG / timolol 10 MG Oral Tablet,SCD
310812,hydrochlorothiazide 25 MG / triamterene 37.5 MG Oral Tablet,SCD
310818,hydrochlorothiazide 50 MG / triamterene 75 MG Oral Tablet,SCD
314029,hydrochlorothiazide 25 MG / triamterene 50 MG Oral Tablet,SCD
349353,hydrochlorothiazide 25 MG / valsartan 160 MG Oral Tablet,SCD
351292,eprosartan 600 MG / hydrochlorothiazide 12.5 MG Oral Tablet,SCD
351293,eprosartan 600 MG / hydrochlorothiazide 25 MG Oral Tablet,SCD
403853,hydrochlorothiazide 12.5 MG / olmesartan medoxomil 20 MG Oral Tablet,SCD
403854,hydrochlorothiazide 12.5 MG / olmesartan medoxomil 40 MG Oral Tablet,SCD
403855,hydrochlorothiazide 25 MG / olmesartan medoxomil 40 MG Oral Tablet,SCD
429503,hydrochlorothiazide 12.5 MG Oral Tablet,SCD
477130,hydrochlorothiazide 25 MG / telmisartan 80 MG Oral Tablet,SCD
485471,hydrochlorothiazide 25 MG / irbesartan 300 MG Oral Tablet,SCD
578325,candesartan cilexetil 16 MG / hydrochlorothiazide 12.5 MG Oral Tablet,SCD
578330,candesartan cilexetil 32 MG / hydrochlorothiazide 12.5 MG Oral Tablet,SCD
636042,hydrochlorothiazide 12.5 MG / valsartan 320 MG Oral Tablet,SCD
636045,hydrochlorothiazide 25 MG / valsartan 320 MG Oral Tablet,SCD
802749,candesartan cilexetil 32 MG / hydrochlorothiazide 25 MG Oral Tablet,SCD
848131,amlodipine 10 MG / hydrochlorothiazide 12.5 MG / valsartan 160 MG Oral Tablet,SCD
848135,amlodipine 10 MG / hydrochlorothiazide 25 MG / valsartan 320 MG Oral Tablet,SCD
848140,amlodipine 5 MG / hydrochlorothiazide 12.5 MG / valsartan 160 MG Oral Tablet,SCD
848145,amlodipine 5 MG / hydrochlorothiazide 25 MG / valsartan 160 MG Oral Tablet,SCD
848151,amlodipine 10 MG / hydrochlorothiazide 25 MG / valsartan 160 MG Oral Tablet,SCD
854908,bisoprolol fumarate 10 MG / hydrochlorothiazide 6.25 MG Oral Tablet,SCD
854916,bisoprolol fumarate 2.5 MG / hydrochlorothiazide 6.25 MG Oral Tablet,SCD
854919,bisoprolol fumarate 5 MG / hydrochlorothiazide 6.25 MG Oral Tablet,SCD
856422,hydrochlorothiazide 25 MG / propranolol hydrochloride 40 MG Oral Tablet,SCD
856429,hydrochlorothiazide 25 MG / propranolol hydrochloride 80 MG Oral Tablet,SCD
866452,24 HR hydrochlorothiazide 12.5 MG / metoprolol succinate 100 MG Extended Release Oral Tablet,SCD
866461,24 HR hydrochlorothiazide 12.5 MG / metoprolol succinate 25 MG Extended Release Oral Tablet,SCD
866472,24 HR hydrochlorothiazide 12.5 MG / metoprolol succinate 50 MG Extended Release Oral Tablet,SCD
866479,hydrochlorothiazide 25 MG / metoprolol tartrate 100 MG Oral Tablet,SCD
866482,hydrochlorothiazide 25 MG / metoprolol tartrate 50 MG Oral Tablet,SCD
866491,hydrochlorothiazide 50 MG / metoprolol tartrate 100 MG Oral Tablet,SCD
896976,hydrochlorothiazide 25 MG / labetalol hydrochloride 300 MG Oral Tablet,SCD
905203,hydralazine hydrochloride 100 MG / hydrochlorothiazide 50 MG Oral Capsule,SCD
905211,hydralazine hydrochloride 25 MG / hydrochlorothiazide 25 MG Oral Capsule,SCD
905217,hydralazine hydrochloride 50 MG / hydrochlorothiazide 50 MG Oral Capsule,SCD
905353,hydralazine hydrochloride 25 MG / hydrochlorothiazide 15 MG / reserpine 0.1 MG Oral Tablet,SCD
977883,amiloride hydrochloride 5 MG / hydrochlorothiazide 50 MG Oral Tablet,SCD
977920,amiloride hydrochloride 2.5 MG / atenolol 50 MG / hydrochlorothiazide 25 MG Oral Capsule,SCD
977949,amiloride hydrochloride 2.5 MG / hydrochlorothiazide 25 MG / timolol maleate 10 MG Oral Tablet,SCD
977950,amiloride hydrochloride 2.5 MG / hydrochlorothiazide 25 MG Oral Tablet,SCD
979464,hydrochlorothiazide 12.5 MG / losartan potassium 100 MG Oral Tablet,SCD
979468,hydrochlorothiazide 12.5 MG / losartan potassium 50 MG Oral Tablet,SCD
979471,hydrochlorothiazide 25 MG / losartan potassium 100 MG Oral Tablet,SCD
998694,acebutolol 200 MG / hydrochlorothiazide 12.5 MG Oral Tablet,SCD
999967,amlodipine 5 MG / hydrochlorothiazide 12.5 MG / olmesartan medoxomil 20 MG Oral Tablet,SCD
999986,amlodipine 10 MG / hydrochlorothiazide 12.5 MG / olmesartan medoxomil 40 MG Oral Tablet,SCD
999991,amlodipine 10 MG / hydrochlorothiazide 25 MG / olmesartan medoxomil 40 MG Oral Tablet,SCD
999996,amlodipine 5 MG / hydrochlorothiazide 12.5 MG / olmesartan medoxomil 40 MG Oral Tablet,SCD
